{
  "project_info": {
    "project_number": "1039730068985",
    "firebase_url": "https://price-this.firebaseio.com",
    "project_id": "price-this",
    "storage_bucket": "price-this.appspot.com"
  },
  "client": [
    {
      "client_info": {
        "mobilesdk_app_id": "1:1039730068985:android:248045e2d9e0bb73",
        "android_client_info": {
          "package_name": "com.example.price_this.price_this"
        }
      },
      "oauth_client": [
        {
          "client_id": "1039730068985-cm518m79l0qv3781s4f0l2k4rvo5kmts.apps.googleusercontent.com",
          "client_type": 1,
          "android_info": {
            "package_name": "com.example.price_this.price_this",
            "certificate_hash": "4bde4a6bda17e3ca282640b1ee4b81ffad855d44"
          }
        },
        {
          "client_id": "1039730068985-uk890skt55o401d45ibab4o40fb84cfr.apps.googleusercontent.com",
          "client_type": 1,
          "android_info": {
            "package_name": "com.example.price_this.price_this",
            "certificate_hash": "d96d3a53f1549ea9619275487ad1e6182a47ddd0"
          }
        },
        {
          "client_id": "1039730068985-c5kichg16iemsvnjk3qv2n33129c5tko.apps.googleusercontent.com",
          "client_type": 3
        }
      ],
      "api_key": [
        {
          "current_key": "AIzaSyBSnYEUyd-ZAVFXXHdC_iXV-fi6RQOAtZ8"
        }
      ],
      "services": {
        "appinvite_service": {
          "other_platform_oauth_client": [
            {
              "client_id": "1039730068985-c5kichg16iemsvnjk3qv2n33129c5tko.apps.googleusercontent.com",
              "client_type": 3
            }
          ]
        }
      }
    }
  ],
  "configuration_version": "1"
}